paraphrase_id,paraphrased_question,source_question_id,source_index,intent,variant,original_question
historical-001,"For Angel, return the country value on the record at position 2 after distinct states are ordered by decreasing serial.",syn-00060-008ebe994526,60,historical,a,What was the initial country recorded for Angel?
historical-002,"Read Narendra Modi's records in descending serial order, collapsing adjacent repeated values; which religion value belongs to position 2?",syn-00066-35fc484eafea,66,historical,a,"Looking at the earliest entry, which religion did Narendra Modi have?"
historical-003,"Locate position 4 in Elvis Presley's sequence of distinct states sorted from highest serial to lowest, and report its value value.",syn-00171-e69bec38a258,171,historical,a,Which value constituted the earliest known fact about Elvis Presley?
historical-004,"Under a descending-serial ordering of Empress Jingu's distinct value states, identify the value attached to rank 5.",syn-00459-633a795e2f3f,459,historical,a,What was the ancestral value linked to Empress Jingu?
historical-005,"After merging consecutive repeats in Stephen King's serial-ordered history, what value value is stored at slot 5, counting down from the highest serial?",syn-00501-ad705c48d19b,501,historical,a,What was the primordial value designation for Stephen King?
historical-006,"For Larry Niven, return the value value on the record at position 4 after distinct states are ordered by decreasing serial.",syn-00597-1bec733c79b1,597,historical,a,What value did the seminal record of Larry Niven contain?
historical-007,"Read Neuromancer's records in descending serial order, collapsing adjacent repeated values; which language value belongs to position 1?",syn-00603-75b630537158,603,historical,a,"Prior to any updates, what language was associated with Neuromancer?"
historical-008,"Locate position 3 in Juliette Gordon Low's sequence of distinct states sorted from highest serial to lowest, and report its value value.",syn-00645-2b2109e26e25,645,historical,a,What value marked the debut record of Juliette Gordon Low?
historical-009,"Under a descending-serial ordering of Akhilesh Yadav's distinct value states, identify the value attached to rank 3.",syn-00729-1b7eb0cc256d,729,historical,a,"Regarding Akhilesh Yadav, what was the foundational value first documented?"
historical-010,"After merging consecutive repeats in Natalie Portman's serial-ordered history, what religion value is stored at slot 2, counting down from the highest serial?",syn-00762-89aaaadc6906,762,historical,a,"In the baseline documentation, what religion was tied to Natalie Portman?"
historical-011,"For Nick Knight, return the value value on the record at position 2 after distinct states are ordered by decreasing serial.",syn-01110-16ffed344a9f,1110,historical,a,What archival value was initially assigned to Nick Knight?
historical-012,"Read savate's records in descending serial order, collapsing adjacent repeated values; which country value belongs to position 2?",syn-01164-3eb19150f2ca,1164,historical,a,Which country was the genesis entry for savate?
historical-013,"Locate position 2 in Chris Wilder's sequence of distinct states sorted from highest serial to lowest, and report its value value.",syn-01176-2628fce22e93,1176,historical,a,"According to the inaugural entry, what value did Chris Wilder possess?"
historical-014,"Under a descending-serial ordering of Christopher Buckley's distinct value states, identify the value attached to rank 2.",syn-01188-9324a132dd85,1188,historical,a,What preliminary value was first recorded for Christopher Buckley?
historical-015,"After merging consecutive repeats in defensive tackle's serial-ordered history, what value value is stored at slot 2, counting down from the highest serial?",syn-01302-c4493d8acdd0,1302,historical,a,"In the baseline documentation, what value was tied to defensive tackle?"
historical-016,"For Zeenat Aman, return the value value on the record at position 2 after distinct states are ordered by decreasing serial.",syn-01473-b0c0d3e23295,1473,historical,a,What value did the founding record of Zeenat Aman specify?
historical-017,"Read Benjamin Peirce's records in descending serial order, collapsing adjacent repeated values; which value value belongs to position 2?",syn-01566-e953dfca3219,1566,historical,a,"Looking at the earliest entry, which value did Benjamin Peirce have?"
historical-018,"Locate position 2 in Gillian Jacobs's sequence of distinct states sorted from highest serial to lowest, and report its value value.",syn-01776-a4ac30458a83,1776,historical,a,"According to the inaugural entry, what value did Gillian Jacobs possess?"
historical-019,"Under a descending-serial ordering of McLaren's distinct value states, identify the value attached to rank 2.",syn-02100-77d0b2ed40f0,2100,historical,a,What was the initial value recorded for McLaren?
historical-020,"After merging consecutive repeats in Go-Yōzei's serial-ordered history, what religion value is stored at slot 2, counting down from the highest serial?",syn-02301-86e6a13a6bb2,2301,historical,a,What was the primordial religion designation for Go-Yōzei?
historical-021,"For Dell Inc., return the value value on the record at position 2 after distinct states are ordered by decreasing serial.",syn-02535-650b51312f84,2535,historical,a,What value was Dell Inc. first catalogued under?
historical-022,"Read Great Britain's records in descending serial order, collapsing adjacent repeated values; which location value belongs to position 2?",syn-02613-8e6ce4ea6230,2613,historical,a,What location did the founding record of Great Britain specify?
historical-023,"Locate position 2 in Aiginiakos F.C.'s sequence of distinct states sorted from highest serial to lowest, and report its value value.",syn-02763-d5de09c24ec2,2763,historical,a,"Prior to any updates, what value was associated with Aiginiakos F.C.?"
historical-024,"Under a descending-serial ordering of Anderson .Paak's distinct value states, identify the value attached to rank 2.",syn-02916-5a0311c04020,2916,historical,a,"According to the inaugural entry, what value did Anderson .Paak possess?"
historical-025,"After merging consecutive repeats in Evan Mecham's serial-ordered history, what religion value is stored at slot 2, counting down from the highest serial?",syn-02973-1144c1bd4953,2973,historical,a,What religion did the founding record of Evan Mecham specify?
historical-026,"For Adult Swim, return the country value on the record at position 2 after distinct states are ordered by decreasing serial.",syn-03015-04d711e5324b,3015,historical,a,What country was Adult Swim first catalogued under?
historical-027,"Read Patrick Swayze's records in descending serial order, collapsing adjacent repeated values; which religion value belongs to position 2?",syn-03246-ba5945740ac7,3246,historical,a,"Looking at the earliest entry, which religion did Patrick Swayze have?"
historical-028,"Locate position 2 in placekicker's sequence of distinct states sorted from highest serial to lowest, and report its value value.",syn-03297-99951be20b29,3297,historical,a,What value did the seminal record of placekicker contain?
historical-029,"Under a descending-serial ordering of Gustav I of Sweden's distinct value states, identify the value attached to rank 3.",syn-03732-63a571c534c7,3732,historical,a,"In the original records, which value was attributed to Gustav I of Sweden?"
historical-030,"After merging consecutive repeats in Michael Bush's serial-ordered history, what value value is stored at slot 2, counting down from the highest serial?",syn-03753-f5a27a666f1e,3753,historical,a,What value did the founding record of Michael Bush specify?
historical-031,"For Michael Bush, return the value value on the record at position 2 after distinct states are ordered by decreasing serial.",syn-03753-f5a27a666f1e,3753,historical,b,What value did the founding record of Michael Bush specify?
historical-032,"Read Joe Biden's records in descending serial order, collapsing adjacent repeated values; which value value belongs to position 4?",syn-04038-1112ce30a2bd,4038,historical,a,"Tracing back to the earliest data point, what value applied to Joe Biden?"
historical-033,"Locate position 2 in Yuval Ne'eman's sequence of distinct states sorted from highest serial to lowest, and report its value value.",syn-04128-13dbc536d8cb,4128,historical,a,What preliminary value was first recorded for Yuval Ne'eman?
historical-034,"Under a descending-serial ordering of Saint Roch's distinct religion states, identify the value attached to rank 2.",syn-04158-229d33de3940,4158,historical,a,"Tracing back to the earliest data point, what religion applied to Saint Roch?"
historical-035,"After merging consecutive repeats in Karel Domin's serial-ordered history, what value value is stored at slot 2, counting down from the highest serial?",syn-04254-bb2a67b8ad7b,4254,historical,a,What was the embryonic value information for Karel Domin?
historical-036,"For Dario Fo, return the value value on the record at position 2 after distinct states are ordered by decreasing serial.",syn-04308-186607aeb73d,4308,historical,a,What preliminary value was first recorded for Dario Fo?
historical-037,"Read Rockhurst University's records in descending serial order, collapsing adjacent repeated values; which religion value belongs to position 2?",syn-04521-ddbc2370aca8,4521,historical,a,What was the primordial religion designation for Rockhurst University?
historical-038,"Locate position 2 in rugby union's sequence of distinct states sorted from highest serial to lowest, and report its country value.",syn-04572-3ea165f90b11,4572,historical,a,"In the original records, which country was attributed to rugby union?"
historical-039,"Under a descending-serial ordering of István Széchenyi's distinct religion states, identify the value attached to rank 2.",syn-04626-4e1a1c01b6ad,4626,historical,a,"Looking at the earliest entry, which religion did István Széchenyi have?"
historical-040,"After merging consecutive repeats in Julie Brown's serial-ordered history, what value value is stored at slot 2, counting down from the highest serial?",syn-04797-8dd026adbc26,4797,historical,a,What value did the seminal record of Julie Brown contain?
historical-041,"For The headquarters of Kunstkamera, return the location value on the record at position 2 after distinct states are ordered by decreasing serial.",syn-04851-f948de900b8b,4851,historical,a,Which location constituted the earliest known fact about The headquarters of Kunstkamera?
historical-042,"Read Jusuf Kalla's records in descending serial order, collapsing adjacent repeated values; which value value belongs to position 2?",syn-05013-c7f3d4fa15e7,5013,historical,a,What value did the founding record of Jusuf Kalla specify?
historical-043,"Locate position 2 in The headquarters of Academy of Fine Arts, Munich's sequence of distinct states sorted from highest serial to lowest, and report its location value.",syn-05058-16bd92705f3f,5058,historical,a,"Tracing back to the earliest data point, what location applied to The headquarters of Academy of Fine Arts, Munich?"
historical-044,"Under a descending-serial ordering of Joachim Murat's distinct religion states, identify the value attached to rank 2.",syn-05091-f84c62a45ae2,5091,historical,a,Which religion constituted the earliest known fact about Joachim Murat?
historical-045,"After merging consecutive repeats in The headquarters of Netflix's serial-ordered history, what location value is stored at slot 2, counting down from the highest serial?",syn-05154-be31ecd4aa5e,5154,historical,a,What was the embryonic location information for The headquarters of Netflix?
historical-046,"For Tangerine Dream, return the value value on the record at position 2 after distinct states are ordered by decreasing serial.",syn-05214-8fe045b76a30,5214,historical,a,What was the embryonic value information for Tangerine Dream?
historical-047,"Read 1983 Cricket World Cup's records in descending serial order, collapsing adjacent repeated values; which value value belongs to position 2?",syn-05490-df2416c53a6d,5490,historical,a,What archival value was initially assigned to 1983 Cricket World Cup?
historical-048,"Locate position 2 in 1983 Cricket World Cup's sequence of distinct states sorted from highest serial to lowest, and report its value value.",syn-05490-df2416c53a6d,5490,historical,b,What archival value was initially assigned to 1983 Cricket World Cup?
historical-049,"Under a descending-serial ordering of Saint Peter's University's distinct religion states, identify the value attached to rank 2.",syn-06135-e300570d24d1,6135,historical,a,What religion was Saint Peter's University first catalogued under?
historical-050,"After merging consecutive repeats in Jason Williams's serial-ordered history, what value value is stored at slot 2, counting down from the highest serial?",syn-06336-9c5d6fe0f14b,6336,historical,a,"According to the inaugural entry, what value did Jason Williams possess?"
historical-051,"For Michelle Gomez, return the value value on the record at position 2 after distinct states are ordered by decreasing serial.",syn-06384-3868542a5c8b,6384,historical,a,Which value was the genesis entry for Michelle Gomez?
historical-052,"Read FK Dečić's records in descending serial order, collapsing adjacent repeated values; which value value belongs to position 2?",syn-07122-9603aa13944a,7122,historical,a,"In the baseline documentation, what value was tied to FK Dečić?"
historical-053,"Locate position 2 in Al-Waleed bin Talal's sequence of distinct states sorted from highest serial to lowest, and report its value value.",syn-07167-db55172ffae1,7167,historical,a,"Before any modifications, what value corresponded to Al-Waleed bin Talal?"
historical-054,"Under a descending-serial ordering of XML Schema's distinct value states, identify the value attached to rank 2.",syn-07314-03b7305f3725,7314,historical,a,What was the embryonic value information for XML Schema?
historical-055,"After merging consecutive repeats in Bob Iger's serial-ordered history, what value value is stored at slot 2, counting down from the highest serial?",syn-07377-3708aded6cc9,7377,historical,a,What value did the seminal record of Bob Iger contain?
historical-056,"For Eliteserien, return the value value on the record at position 2 after distinct states are ordered by decreasing serial.",syn-07428-94bfbac34106,7428,historical,a,What preliminary value was first recorded for Eliteserien?
historical-057,"Read Texas Legends's records in descending serial order, collapsing adjacent repeated values; which value value belongs to position 2?",syn-07509-5990dd7c0db6,7509,historical,a,"Regarding Texas Legends, what was the foundational value first documented?"
historical-058,"Locate position 2 in Auguste Villiers de l'Isle-Adam's sequence of distinct states sorted from highest serial to lowest, and report its religion value.",syn-07551-f986149d9db2,7551,historical,a,Which religion constituted the earliest known fact about Auguste Villiers de l'Isle-Adam?
historical-059,"Under a descending-serial ordering of St. John Fisher College's distinct religion states, identify the value attached to rank 2.",syn-07584-8ad9c133803e,7584,historical,a,Which religion was the genesis entry for St. John Fisher College?
historical-060,"After merging consecutive repeats in Knocked Up's serial-ordered history, what creator value is stored at slot 2, counting down from the highest serial?",syn-07593-0f0c9999f901,7593,historical,a,What creator did the founding record of Knocked Up specify?
historical-061,"For DeLorean Motor Company, return the value value on the record at position 2 after distinct states are ordered by decreasing serial.",syn-07668-babde2179edd,7668,historical,a,What preliminary value was first recorded for DeLorean Motor Company?
historical-062,"Read The headquarters of Sapienza University of Rome's records in descending serial order, collapsing adjacent repeated values; which location value belongs to position 2?",syn-07866-0646e31c1886,7866,historical,a,"Looking at the earliest entry, which location did The headquarters of Sapienza University of Rome have?"
historical-063,"Locate position 2 in The Unseen's sequence of distinct states sorted from highest serial to lowest, and report its country value.",syn-08076-272282563c6a,8076,historical,a,"According to the inaugural entry, what country did The Unseen possess?"
historical-064,"Under a descending-serial ordering of shoegazing's distinct country states, identify the value attached to rank 2.",syn-08370-61c92ec4c79b,8370,historical,a,What archival country was initially assigned to shoegazing?
historical-065,"After merging consecutive repeats in Rick Leach's serial-ordered history, what value value is stored at slot 2, counting down from the highest serial?",syn-08376-639522d22686,8376,historical,a,"According to the inaugural entry, what value did Rick Leach possess?"
historical-066,"For Callixtus II, return the religion value on the record at position 2 after distinct states are ordered by decreasing serial.",syn-08559-78ed3ec4b690,8559,historical,a,What was the ancestral religion linked to Callixtus II?
historical-067,"Read Come Together's records in descending serial order, collapsing adjacent repeated values; which value value belongs to position 2?",syn-08646-baf6e6f5e167,8646,historical,a,"Looking at the earliest entry, which value did Come Together have?"
historical-068,"Locate position 2 in Weingarten Abbey's sequence of distinct states sorted from highest serial to lowest, and report its religion value.",syn-08760-82a0db67720d,8760,historical,a,What was the initial religion recorded for Weingarten Abbey?
historical-069,"Under a descending-serial ordering of 2015 CAF Confederation Cup's distinct value states, identify the value attached to rank 2.",syn-08769-6578615aa3cc,8769,historical,a,"Regarding 2015 CAF Confederation Cup, what was the foundational value first documented?"
historical-070,"After merging consecutive repeats in Zou Shiming's serial-ordered history, what value value is stored at slot 2, counting down from the highest serial?",syn-08955-729acf2fa16d,8955,historical,a,What value was Zou Shiming first catalogued under?
historical-071,"For Hans Küng, return the value value on the record at position 2 after distinct states are ordered by decreasing serial.",syn-08964-616784e30be5,8964,historical,a,Which value was the genesis entry for Hans Küng?
historical-072,"Read Jenji Kohan's records in descending serial order, collapsing adjacent repeated values; which value value belongs to position 2?",syn-08991-bcd0a11c59a4,8991,historical,a,Which value constituted the earliest known fact about Jenji Kohan?
historical-073,"Locate position 2 in tvOS's sequence of distinct states sorted from highest serial to lowest, and report its value value.",syn-09036-d025633a9c6f,9036,historical,a,"According to the inaugural entry, what value did tvOS possess?"
historical-074,"Under a descending-serial ordering of Gwendoline Christie's distinct value states, identify the value attached to rank 2.",syn-09042-2859cd4c6c80,9042,historical,a,"In the baseline documentation, what value was tied to Gwendoline Christie?"
historical-075,"After merging consecutive repeats in Arab Idol's serial-ordered history, what creator value is stored at slot 2, counting down from the highest serial?",syn-09276-050d26c835de,9276,historical,a,"According to the inaugural entry, what creator did Arab Idol possess?"
historical-076,"For Mercutio, return the creator value on the record at position 2 after distinct states are ordered by decreasing serial.",syn-09351-01583e584837,9351,historical,a,Which creator constituted the earliest known fact about Mercutio?
historical-077,"Read FIFPro's records in descending serial order, collapsing adjacent repeated values; which value value belongs to position 2?",syn-09420-9c8a6f0131d2,9420,historical,a,What was the initial value recorded for FIFPro?
historical-078,"Locate position 2 in goaltender's sequence of distinct states sorted from highest serial to lowest, and report its value value.",syn-09453-8d247670bd72,9453,historical,a,What value did the founding record of goaltender specify?
historical-079,"Under a descending-serial ordering of Brandon Tartikoff's distinct value states, identify the value attached to rank 2.",syn-09492-48e9cd4bb418,9492,historical,a,"In the original records, which value was attributed to Brandon Tartikoff?"
historical-080,"After merging consecutive repeats in Benedictines's serial-ordered history, what religion value is stored at slot 2, counting down from the highest serial?",syn-09510-85f1536ec2cb,9510,historical,a,What archival religion was initially assigned to Benedictines?
historical-081,"For VMware Workstation, return the value value on the record at position 2 after distinct states are ordered by decreasing serial.",syn-09789-8497b0253691,9789,historical,a,"Regarding VMware Workstation, what was the foundational value first documented?"
historical-082,"Read Jamie Redknapp's records in descending serial order, collapsing adjacent repeated values; which value value belongs to position 2?",syn-09792-17c3361878bb,9792,historical,a,"In the original records, which value was attributed to Jamie Redknapp?"
historical-083,"Locate position 2 in Shingon Buddhism's sequence of distinct states sorted from highest serial to lowest, and report its value value.",syn-09804-ce2a6020b11d,9804,historical,a,Which value was the genesis entry for Shingon Buddhism?
historical-084,"Under a descending-serial ordering of Sri Lanka's distinct location states, identify the value attached to rank 2.",syn-09879-6a05ddeec8bf,9879,historical,a,What was the ancestral location linked to Sri Lanka?
historical-085,"After merging consecutive repeats in Teenage Fanclub's serial-ordered history, what country value is stored at slot 2, counting down from the highest serial?",syn-09969-754abf778ac3,9969,historical,a,"Regarding Teenage Fanclub, what was the foundational country first documented?"
historical-086,"For Karl Kling, return the value value on the record at position 2 after distinct states are ordered by decreasing serial.",syn-10194-b62885f6c324,10194,historical,a,What was the embryonic value information for Karl Kling?
historical-087,"Read Nigel Kneale's records in descending serial order, collapsing adjacent repeated values; which value value belongs to position 2?",syn-10515-0ed9296cb489,10515,historical,a,What value was Nigel Kneale first catalogued under?
historical-088,"Locate position 2 in Srividya's sequence of distinct states sorted from highest serial to lowest, and report its value value.",syn-10659-8ad4e7f97867,10659,historical,a,What was the ancestral value linked to Srividya?
historical-089,"Under a descending-serial ordering of The univeristy where Sonny Perdue's distinct value states, identify the value attached to rank 2.",syn-10788-c577bb99c92c,10788,historical,a,What preliminary value was first recorded for The univeristy where Sonny Perdue?
historical-090,"After merging consecutive repeats in Giulio Alberoni's serial-ordered history, what religion value is stored at slot 2, counting down from the highest serial?",syn-11145-b92b2d2418a5,11145,historical,a,What religion marked the debut record of Giulio Alberoni?
historical-091,"For Doug Morris, return the value value on the record at position 2 after distinct states are ordered by decreasing serial.",syn-11169-22f2d700bbc6,11169,historical,a,"Regarding Doug Morris, what was the foundational value first documented?"
historical-092,"Read Cold War Kids's records in descending serial order, collapsing adjacent repeated values; which country value belongs to position 2?",syn-11469-a9736cd638ee,11469,historical,a,"Regarding Cold War Kids, what was the foundational country first documented?"
historical-093,"Locate position 2 in MathML's sequence of distinct states sorted from highest serial to lowest, and report its value value.",syn-11505-d84ab59515a8,11505,historical,a,What value marked the debut record of MathML?
historical-094,"Under a descending-serial ordering of Erich Koch's distinct value states, identify the value attached to rank 2.",syn-11994-fa2156f14f29,11994,historical,a,What was the embryonic value information for Erich Koch?
historical-095,"After merging consecutive repeats in Tom Davis's serial-ordered history, what value value is stored at slot 2, counting down from the highest serial?",syn-12129-d911b8b39076,12129,historical,a,"Regarding Tom Davis, what was the foundational value first documented?"
historical-096,"For Grand Duchy of Würzburg, return the religion value on the record at position 2 after distinct states are ordered by decreasing serial.",syn-12513-31fa0fd8c74f,12513,historical,a,What religion did the founding record of Grand Duchy of Würzburg specify?
historical-097,"Read gangsta rap's records in descending serial order, collapsing adjacent repeated values; which country value belongs to position 2?",syn-12540-190128c040c9,12540,historical,a,What was the initial country recorded for gangsta rap?
historical-098,"Locate position 2 in Ella Fitzgerald's sequence of distinct states sorted from highest serial to lowest, and report its value value.",syn-12642-43b21dd7ca74,12642,historical,a,"In the baseline documentation, what value was tied to Ella Fitzgerald?"
historical-099,"Under a descending-serial ordering of Hank Williams's distinct value states, identify the value attached to rank 2.",syn-13338-3c501cf4a2d8,13338,historical,a,"Tracing back to the earliest data point, what value applied to Hank Williams?"
historical-100,"After merging consecutive repeats in David Hicks's serial-ordered history, what value value is stored at slot 2, counting down from the highest serial?",syn-13401-760227d54a13,13401,historical,a,What was the primordial value designation for David Hicks?
aggregation-001,State the cardinality of the distinct values recorded for Madeleine L'Engle.,syn-00076-a93bacd5d90a,76,aggregation,a,How many separate value designations exist in the records for Madeleine L'Engle?
aggregation-002,"For Céline Dion, give the size of the set of unique recorded values.",syn-00196-02cb881810d2,196,aggregation,a,How many separate value designations exist in the records for Céline Dion?
aggregation-003,How many nonduplicate value entries belong to Mahela Jayawardene's records?,syn-00265-123132b55c27,265,aggregation,a,"Counting only unique values, how many values are on file for Mahela Jayawardene?"
aggregation-004,Return the number of distinct values associated with Amber Rose across its records.,syn-00619-bb1263bd4fed,619,aggregation,a,Enumerate the number of non-duplicate values that pertain to Amber Rose.
aggregation-005,Count the different religion values attached to Fyodor Dostoyevsky in the knowledge store.,syn-00721-57451506288b,721,aggregation,a,Give me the total count of distinct religions that have been associated with Fyodor Dostoyevsky.
aggregation-006,State the cardinality of the distinct values recorded for Akhilesh Yadav.,syn-00730-74534a997e5d,730,aggregation,a,"Tallying every distinct value, how many are linked to Akhilesh Yadav?"
aggregation-007,"For Stanley Featherstonehaugh Ukridge, give the size of the set of unique creator entries.",syn-01201-91e46e491412,1201,aggregation,a,Give me the total count of distinct creators that have been associated with Stanley Featherstonehaugh Ukridge.
aggregation-008,How many nonduplicate country values belong to Melodifestivalen 2012's records?,syn-01213-0c85e3bc09e6,1213,aggregation,a,Calculate the total sum of unique country entries for Melodifestivalen 2012.
aggregation-009,Return the number of distinct values associated with Brandon Vera across its records.,syn-01252-f8a6811b20d1,1252,aggregation,a,Quantify the distinct value assignments for Brandon Vera.
aggregation-010,Count the different values attached to The univeristy where Albert Camus in the knowledge store.,syn-01336-ecee592340d4,1336,aggregation,a,How many separate value designations exist in the records for The univeristy where Albert Camus?
aggregation-011,State the cardinality of the distinct creator values recorded for A Charlie Brown Christmas.,syn-01372-f22d0e368694,1372,aggregation,a,Quantify the distinct creator assignments for A Charlie Brown Christmas.
aggregation-012,"For Charles Messier, give the size of the set of unique recorded values.",syn-01375-4275435cb4be,1375,aggregation,a,How many heterogeneous values has Charles Messier accumulated?
aggregation-013,How many nonduplicate religion values belong to John Paul I's records?,syn-01396-a0adae194740,1396,aggregation,a,How many separate religion designations exist in the records for John Paul I?
aggregation-014,Return the number of distinct values associated with Tim Hughes across its records.,syn-01489-e674bce37e7d,1489,aggregation,a,What is the sum total of varied values recorded against Tim Hughes?
aggregation-015,Count the different values attached to Lionel Richie in the knowledge store.,syn-01531-17797f9f0bc0,1531,aggregation,a,Provide the cardinality of the set of values associated with Lionel Richie.
aggregation-016,State the cardinality of the distinct country values recorded for Def Poetry.,syn-01630-970db28620c0,1630,aggregation,a,"Tallying every distinct country, how many are linked to Def Poetry?"
aggregation-017,"For Shuttle Carrier Aircraft, give the size of the set of unique recorded values.",syn-01771-30bd6c93687e,1771,aggregation,a,Provide the cardinality of the set of values associated with Shuttle Carrier Aircraft.
aggregation-018,How many nonduplicate value entries belong to White Light/White Heat's records?,syn-01918-219939e1d1a0,1918,aggregation,a,Provide a count of all unique values that reference White Light/White Heat.
aggregation-019,Return the number of distinct values associated with Joseph Schwantner across its records.,syn-01999-008764c86e96,1999,aggregation,a,Enumerate the number of non-duplicate values that pertain to Joseph Schwantner.
aggregation-020,Count the different values attached to Amy Heckerling in the knowledge store.,syn-02023-d44d2aeff833,2023,aggregation,a,What is the census of unique value entries under Amy Heckerling?
aggregation-021,State the cardinality of the distinct values recorded for Southern Pacific.,syn-02050-5eda8f8f6511,2050,aggregation,a,"Tallying every distinct value, how many are linked to Southern Pacific?"
aggregation-022,"For 1940 World Series, give the size of the set of unique recorded values.",syn-02059-6b7cfff140c3,2059,aggregation,a,Enumerate the number of non-duplicate values that pertain to 1940 World Series.
aggregation-023,How many nonduplicate value entries belong to John D. MacArthur's records?,syn-02110-9e22b6fe7b6b,2110,aggregation,a,"Tallying every distinct value, how many are linked to John D. MacArthur?"
aggregation-024,Return the number of distinct values associated with Ivo Karlović across its records.,syn-02200-33280ee28def,2200,aggregation,a,Determine the aggregate count of differing values for Ivo Karlović.
aggregation-025,Count the different values attached to Jean Jaurès in the knowledge store.,syn-02215-db33d8983998,2215,aggregation,a,How many heterogeneous values has Jean Jaurès accumulated?
aggregation-026,State the cardinality of the distinct values recorded for Apple Watch.,syn-02326-658a4f97866d,2326,aggregation,a,How many individual values appear across the dataset for Apple Watch?
aggregation-027,"For halfback, give the size of the set of unique recorded values.",syn-02413-2b1993e065a8,2413,aggregation,a,Calculate the total sum of unique value entries for halfback.
aggregation-028,How many nonduplicate value entries belong to Qualcomm Inc.'s records?,syn-02548-483d2aca0e81,2548,aggregation,a,How many discrete value classifications apply to Qualcomm Inc.?
aggregation-029,Return the number of distinct country values associated with The Orange County Register.,syn-02551-f82502cb297d,2551,aggregation,a,Provide the cardinality of the set of countries associated with The Orange County Register.
aggregation-030,Count the different values attached to Aiginiakos F.C. in the knowledge store.,syn-02764-69e35769f54a,2764,aggregation,a,"Across all records, how many unique values does Aiginiakos F.C. have?"
aggregation-031,State the cardinality of the distinct values recorded for Johann Jakob Froberger.,syn-02767-319a26c26ef6,2767,aggregation,a,What is the cumulative number of different values recorded for Johann Jakob Froberger?
aggregation-032,"For Måns Zelmerlöw, give the size of the set of unique recorded values.",syn-02854-85dfe0e85521,2854,aggregation,a,What is the total tally of disparate values for Måns Zelmerlöw?
aggregation-033,How many nonduplicate value entries belong to EuroBasket 2003's records?,syn-02893-b49e1b2fef8f,2893,aggregation,a,Calculate the total sum of unique value entries for EuroBasket 2003.
aggregation-034,Return the number of distinct country values associated with Jonas Brothers.,syn-02929-1b3fe8cf6b37,2929,aggregation,a,What is the sum total of varied countries recorded against Jonas Brothers?
aggregation-035,Count the different religion values attached to Boniface IX in the knowledge store.,syn-03031-1f31bd500b90,3031,aggregation,a,Provide the cardinality of the set of religions associated with Boniface IX.
aggregation-036,State the cardinality of the distinct values recorded for The univeristy where Vladimir Tismăneanu.,syn-03205-d3faacddbf3c,3205,aggregation,a,"Counting only unique values, how many values are on file for The univeristy where Vladimir Tismăneanu?"
aggregation-037,"For Sex and the City, give the size of the set of unique creator entries.",syn-03535-ac96172f4bff,3535,aggregation,a,How many heterogeneous creators has Sex and the City accumulated?
aggregation-038,How many nonduplicate value entries belong to Olivia Harrison's records?,syn-03829-1b321d8536f8,3829,aggregation,a,What is the sum total of varied values recorded against Olivia Harrison?
aggregation-039,Return the number of distinct values associated with Amoco across its records.,syn-03874-ccde3aaf5dc6,3874,aggregation,a,What is the total tally of disparate values for Amoco?
aggregation-040,Count the different values attached to Strangers in the Night in the knowledge store.,syn-04060-b399e854dcf1,4060,aggregation,a,Determine the aggregate count of differing values for Strangers in the Night.
aggregation-041,State the cardinality of the distinct religion values recorded for Congregation of Christian Brothers.,syn-04063-81a665d4793f,4063,aggregation,a,What is the census of unique religion entries under Congregation of Christian Brothers?
aggregation-042,"For António de Oliveira Salazar, give the size of the set of unique religion entries.",syn-04087-ce94ad474186,4087,aggregation,a,What is the cumulative number of different religions recorded for António de Oliveira Salazar?
aggregation-043,How many nonduplicate location values belong to Kingdom of Italy's records?,syn-04696-7fc230c1b22e,4696,aggregation,a,How many separate location designations exist in the records for Kingdom of Italy?
aggregation-044,Return the number of distinct creator values associated with WWF Superstars of Wrestling.,syn-04744-b82c0bb162c7,4744,aggregation,a,"Across all records, how many unique creators does WWF Superstars of Wrestling have?"
aggregation-045,Count the different location values attached to Madrid in the knowledge store.,syn-05128-4fd6c49f42c3,5128,aggregation,a,How many discrete location classifications apply to Madrid?
aggregation-046,State the cardinality of the distinct values recorded for Channel Orange.,syn-05494-1655ed02d822,5494,aggregation,a,What is the total tally of disparate values for Channel Orange?
aggregation-047,"For Alex Ross, give the size of the set of unique recorded values.",syn-05608-bf4d8a99f90b,5608,aggregation,a,How many discrete value classifications apply to Alex Ross?
aggregation-048,How many nonduplicate value entries belong to Dave Holland's records?,syn-05770-63189ea8cea8,5770,aggregation,a,"Tallying every distinct value, how many are linked to Dave Holland?"
aggregation-049,Return the number of distinct values associated with Marlon Wayans across its records.,syn-05896-3f3560d657c6,5896,aggregation,a,How many separate value designations exist in the records for Marlon Wayans?
aggregation-050,Count the different values attached to Andrew Caddick in the knowledge store.,syn-06349-6540a4b7dc51,6349,aggregation,a,What is the sum total of varied values recorded against Andrew Caddick?
aggregation-051,State the cardinality of the distinct religion values recorded for St. John's University.,syn-06550-cac590a665ed,6550,aggregation,a,"Tallying every distinct religion, how many are linked to St. John's University?"
aggregation-052,"For Latter Day Saint movement, give the size of the set of unique recorded values.",syn-06760-99583ecc8646,6760,aggregation,a,Determine the aggregate count of differing values for Latter Day Saint movement.
aggregation-053,How many nonduplicate religion values belong to Rudyard Kipling's records?,syn-07063-2c337fed01cf,7063,aggregation,a,What is the census of unique religion entries under Rudyard Kipling?
aggregation-054,Return the number of distinct values associated with Jacob De la Gardie across its records.,syn-07204-1c399759fc4e,7204,aggregation,a,"Across all records, how many unique values does Jacob De la Gardie have?"
aggregation-055,Count the different values attached to Mr. Brightside in the knowledge store.,syn-07318-2d30522d2cfa,7318,aggregation,a,Provide a count of all unique values that reference Mr. Brightside.
aggregation-056,State the cardinality of the distinct values recorded for Jerry West.,syn-07354-1afa36ca04a1,7354,aggregation,a,What is the total tally of disparate values for Jerry West?
aggregation-057,"For heartland rock, give the size of the set of unique country entries.",syn-07393-a9bee9342632,7393,aggregation,a,Calculate the total sum of unique country entries for heartland rock.
aggregation-058,How many nonduplicate value entries belong to Victoria Cross's records?,syn-07411-9d56abb239e4,7411,aggregation,a,Provide the cardinality of the set of values associated with Victoria Cross.
aggregation-059,Return the number of distinct religion values associated with St. John Fisher College.,syn-07585-e389cfe4327f,7585,aggregation,a,"Counting only unique values, how many religions are on file for St. John Fisher College?"
aggregation-060,Count the different values attached to Christina Grimmie in the knowledge store.,syn-07603-5478b0692ba7,7603,aggregation,a,What is the census of unique value entries under Christina Grimmie?
aggregation-061,State the cardinality of the distinct values recorded for Jaya Bhaduri Bachchan.,syn-07660-39b1dbd19b2e,7660,aggregation,a,Determine the aggregate count of differing values for Jaya Bhaduri Bachchan.
aggregation-062,"For The headquarters of Republic Aviation Corporation, give the size of the set of unique location entries.",syn-07744-ce8604bafdba,7744,aggregation,a,"Across all records, how many unique locations does The headquarters of Republic Aviation Corporation have?"
aggregation-063,How many nonduplicate country values belong to The Brave Little Toaster's records?,syn-07891-a6e08e53fe57,7891,aggregation,a,Provide the cardinality of the set of countries associated with The Brave Little Toaster.
aggregation-064,Return the number of distinct values associated with NBC across its records.,syn-08119-a60790f30a46,8119,aggregation,a,Enumerate the number of non-duplicate values that pertain to NBC.
aggregation-065,Count the different religion values attached to Donald Carcieri in the knowledge store.,syn-08215-925660fb9230,8215,aggregation,a,How many heterogeneous religions has Donald Carcieri accumulated?
aggregation-066,State the cardinality of the distinct values recorded for David Carr.,syn-08275-8742212fa2e9,8275,aggregation,a,How many heterogeneous values has David Carr accumulated?
aggregation-067,"For Wizard of Oz, give the size of the set of unique creator entries.",syn-08440-dc3ee19a4d4d,8440,aggregation,a,Determine the aggregate count of differing creators for Wizard of Oz.
aggregation-068,How many nonduplicate religion values belong to Roger of Salisbury's records?,syn-08563-9f14ef0f00c2,8563,aggregation,a,What is the census of unique religion entries under Roger of Salisbury?
aggregation-069,Return the number of distinct values associated with Windows 95 across its records.,syn-08590-6045d8288ba4,8590,aggregation,a,"Tallying every distinct value, how many are linked to Windows 95?"
aggregation-070,Count the different values attached to Harry Judd in the knowledge store.,syn-08593-f4888f051d3b,8593,aggregation,a,Calculate the total sum of unique value entries for Harry Judd.
aggregation-071,State the cardinality of the distinct religion values recorded for Ernest Renan.,syn-08713-8b9e009e04fe,8713,aggregation,a,Calculate the total sum of unique religion entries for Ernest Renan.
aggregation-072,"For Oliver Bierhoff, give the size of the set of unique recorded values.",syn-08773-800b03dfe234,8773,aggregation,a,Calculate the total sum of unique value entries for Oliver Bierhoff.
aggregation-073,How many nonduplicate value entries belong to San Antonio Spurs's records?,syn-08815-43af30e47ece,8815,aggregation,a,How many heterogeneous values has San Antonio Spurs accumulated?
aggregation-074,Return the number of distinct religion values associated with First Epistle of John.,syn-08839-6e9ea7e0b5c8,8839,aggregation,a,Enumerate the number of non-duplicate religions that pertain to First Epistle of John.
aggregation-075,Count the different values attached to John Jackson Miller in the knowledge store.,syn-08899-f79557621895,8899,aggregation,a,Enumerate the number of non-duplicate values that pertain to John Jackson Miller.
aggregation-076,State the cardinality of the distinct location values recorded for Republic of the Congo.,syn-09166-fb5afc01e25b,9166,aggregation,a,How many individual locations appear across the dataset for Republic of the Congo?
aggregation-077,"For The headquarters of University of Kiel, give the size of the set of unique location entries.",syn-09298-c1b5ac18ef8d,9298,aggregation,a,Provide a count of all unique locations that reference The headquarters of University of Kiel.
aggregation-078,How many nonduplicate location values belong to Cambodia's records?,syn-09349-4aa926317cf8,9349,aggregation,a,What is the sum total of varied locations recorded against Cambodia?
aggregation-079,Return the number of distinct religion values associated with Aubrey Beardsley.,syn-09562-315cd12319d3,9562,aggregation,a,What quantity of distinct religions has Aubrey Beardsley been catalogued under?
aggregation-080,Count the different values attached to Warcraft in the knowledge store.,syn-10159-95c66875a7fc,10159,aggregation,a,Enumerate the number of non-duplicate values that pertain to Warcraft.
aggregation-081,State the cardinality of the distinct values recorded for Chris Connor.,syn-10723-61152fe46616,10723,aggregation,a,What is the census of unique value entries under Chris Connor?
aggregation-082,"For Kenny Perry, give the size of the set of unique recorded values.",syn-10960-7430c7fbac51,10960,aggregation,a,Determine the aggregate count of differing values for Kenny Perry.
aggregation-083,How many nonduplicate value entries belong to Johann Heinrich Pestalozzi's records?,syn-10990-c8c510ad2503,10990,aggregation,a,"Tallying every distinct value, how many are linked to Johann Heinrich Pestalozzi?"
aggregation-084,Return the number of distinct religion values associated with Bettino Ricasoli.,syn-11125-0bcb02442e07,11125,aggregation,a,"Counting only unique values, how many religions are on file for Bettino Ricasoli?"
aggregation-085,Count the different values attached to Vytautas Landsbergis in the knowledge store.,syn-11155-567b694c6613,11155,aggregation,a,How many heterogeneous values has Vytautas Landsbergis accumulated?
aggregation-086,State the cardinality of the distinct religion values recorded for University of St. Thomas.,syn-11392-ba2bc130c87c,11392,aggregation,a,Quantify the distinct religion assignments for University of St. Thomas.
aggregation-087,"For Singularity University, give the size of the set of unique recorded values.",syn-11473-90d6911877b2,11473,aggregation,a,Calculate the total sum of unique value entries for Singularity University.
aggregation-088,How many nonduplicate value entries belong to Andrei Shleifer's records?,syn-11581-74ff60c8436a,11581,aggregation,a,Give me the total count of distinct values that have been associated with Andrei Shleifer.
aggregation-089,Return the number of distinct values associated with Sydney United FC across its records.,syn-11791-c40a35eac9f2,11791,aggregation,a,Provide the cardinality of the set of values associated with Sydney United FC.
aggregation-090,Count the different creator values attached to Captain Nemo in the knowledge store.,syn-11809-b990ef231198,11809,aggregation,a,What is the sum total of varied creators recorded against Captain Nemo?
aggregation-091,State the cardinality of the distinct country values recorded for Friday.,syn-12139-aa99ad985b06,12139,aggregation,a,Enumerate the number of non-duplicate countries that pertain to Friday.
aggregation-092,"For David Oistrakh, give the size of the set of unique recorded values.",syn-12271-c176fdf7564a,12271,aggregation,a,Provide the cardinality of the set of values associated with David Oistrakh.
aggregation-093,How many nonduplicate value entries belong to Michael Frayn's records?,syn-12340-ecbdfbedba63,12340,aggregation,a,Determine the aggregate count of differing values for Michael Frayn.
aggregation-094,Return the number of distinct religion values associated with Raúl Alfonsín.,syn-12526-94f3e65deace,12526,aggregation,a,How many individual religions appear across the dataset for Raúl Alfonsín?
aggregation-095,Count the different values attached to 2005 World Series in the knowledge store.,syn-12757-70b4d82ba362,12757,aggregation,a,How many non-redundant values have been attributed to 2005 World Series?
aggregation-096,State the cardinality of the distinct values recorded for Windows Media Video.,syn-12769-6dfb7077611f,12769,aggregation,a,What is the sum total of varied values recorded against Windows Media Video?
aggregation-097,"For Vancouver, give the size of the set of unique location entries.",syn-12889-1b9bc28a2cd1,12889,aggregation,a,What is the sum total of varied locations recorded against Vancouver?
aggregation-098,How many nonduplicate religion values belong to Tyrannius Rufinus's records?,syn-12964-cf5487f095c3,12964,aggregation,a,"Across all records, how many unique religions does Tyrannius Rufinus have?"
aggregation-099,Return the number of distinct values associated with Akira Toriyama across its records.,syn-13075-bea3c627317a,13075,aggregation,a,How many heterogeneous values has Akira Toriyama accumulated?
aggregation-100,Count the different values attached to Francis de Sales in the knowledge store.,syn-13216-b5e175e56490,13216,aggregation,a,How many separate value designations exist in the records for Francis de Sales?
boolean-001,"For Breaking Bad, does the database contain a language record with value Fenhari?",syn-00155-8b9dcae3aa49,155,boolean,a,Was the language Fenhari ever a documented fact about Breaking Bad?
boolean-002,Check James Henry Breasted's stored facts: is Narwhal Inc. listed as a value value?,syn-00257-d6ee0a1af707,257,boolean,a,Was Narwhal Inc. at any point logged as the value for James Henry Breasted?
boolean-003,Is there a value entry in the records for Bill James that names Solaris Works?,syn-00299-e590047f3898,299,boolean,a,Is it verifiable that Solaris Works was the value for Bill James at any time?
boolean-004,Does the knowledge store link the city of Liverpool to George Harrison through the value relation?,syn-00572-6f84a5a47369,572,boolean,a,Is it accurate that George Harrison was at some point recorded under the value of the city of Liverpool?
boolean-005,Inspect Natalie Portman's records and determine whether a religion fact assigns the value Judaism.,syn-00764-7169c014026d,764,boolean,a,Was Judaism ever registered as a valid religion for Natalie Portman at any point?
boolean-006,"For Vogue, does the database contain a language record with value Mirathi?",syn-00821-56fe41cffe2f,821,boolean,a,Can you confirm that Mirathi appeared as a language entry for Vogue?
boolean-007,Check Habib Bourguiba's stored facts: is Mirethism listed as a religion value?,syn-00863-c511dadecd4a,863,boolean,a,Has Mirethism been attributed as the religion for Habib Bourguiba in any record?
boolean-008,Is there a religion entry in the records for Johann Reuchlin that names Thalmorism?,syn-01013-6d0d644b1766,1013,boolean,a,Has Thalmorism been attributed as the religion for Johann Reuchlin in any record?
boolean-009,Does the knowledge store link the continent of Europe to Bulgaria through the location relation?,syn-01406-4cc0e8fee063,1406,boolean,a,"At any juncture in the records, was the continent of Europe the documented location for Bulgaria?"
boolean-010,Inspect Tony Cascarino's records and determine whether a value fact assigns the value Ireland.,syn-01520-23270ea1b817,1520,boolean,a,Does the evidence support that Ireland served as the value for Tony Cascarino?
boolean-011,"For Hugo Eckener, does the database contain a value record with value Spain?",syn-01742-16519e218dff,1742,boolean,a,Is it accurate that Hugo Eckener was at some point recorded under the value of Spain?
boolean-012,Check Pakistan International Airlines's stored facts: is the city of Sweden listed as a value value?,syn-01766-da75c32981e2,1766,boolean,a,"At any juncture in the records, was the city of Sweden the documented value for Pakistan International Airlines?"
boolean-013,Is there a location entry in the records for The headquarters of Texas Instruments that names Vladivostok?,syn-01901-fde6e2e8a1b7,1901,boolean,a,Can you confirm that Vladivostok appeared as a location entry for The headquarters of Texas Instruments?
boolean-014,Does the knowledge store link Hyperion Corp to Fazlollah Zahedi through the value relation?,syn-01943-a9c640c6c98c,1943,boolean,a,Has Hyperion Corp been attributed as the value for Fazlollah Zahedi in any record?
boolean-015,Inspect Cadwallon ap Cadfan's records and determine whether a religion fact assigns the value Pyranthism.,syn-02015-1173094ae85b,2015,boolean,a,Was the religion Pyranthism ever a documented fact about Cadwallon ap Cadfan?
boolean-016,"For Maurice Smith, does the database contain a value record with value United States of America?",syn-02072-b31d75af3d35,2072,boolean,a,Is it accurate that Maurice Smith was at some point recorded under the value of United States of America?
boolean-017,Check The headquarters of Fiat's stored facts: is Apia listed as a location value?,syn-02393-b40a1ce6f61d,2393,boolean,a,Has Apia been attributed as the location for The headquarters of Fiat in any record?
boolean-018,Is there a creator entry in the records for WWE Tough Enough that names Helix Partners?,syn-02423-938a21fee506,2423,boolean,a,Has Helix Partners been attributed as the creator for WWE Tough Enough in any record?
boolean-019,Does the knowledge store link Stratos Capital to UH-60 Black Hawk through the value relation?,syn-02687-038b13201360,2687,boolean,a,Was Stratos Capital at any point logged as the value for UH-60 Black Hawk?
boolean-020,Inspect Team Fortress 2's records and determine whether a value fact assigns the value Apex Industries.,syn-02837-b41293c4a080,2837,boolean,a,Was Apex Industries at any point logged as the value for Team Fortress 2?
boolean-021,"For Buckcherry, does the database contain a country record with value Nuldania?",syn-03035-ac55f5922583,3035,boolean,a,Was the country Nuldania ever a documented fact about Buckcherry?
boolean-022,Check Clement V's stored facts: is Methodism listed as a religion value?,syn-03164-62a187e53138,3164,boolean,a,Was Methodism ever registered as a valid religion for Clement V at any point?
boolean-023,Is there a value entry in the records for power forward that names Quasar Labs?,syn-03257-d6b9d720e4d6,3257,boolean,a,Was Quasar Labs at any point logged as the value for power forward?
boolean-024,Does the knowledge store link Joseph Smith to Mormonism through the value relation?,syn-03506-fcdc719658b7,3506,boolean,a,"At any juncture in the records, was Joseph Smith the documented value for Mormonism?"
boolean-025,Inspect Philip III of Spain's records and determine whether a religion fact assigns the value Zoroastrianism.,syn-03674-49cb83a91bbc,3674,boolean,a,Was Zoroastrianism ever registered as a valid religion for Philip III of Spain at any point?
boolean-026,"For American Federation of Labor, does the database contain a value record with value Spectra Holdings?",syn-03779-5c58f19cb8ac,3779,boolean,a,Is it verifiable that Spectra Holdings was the value for American Federation of Labor at any time?
boolean-027,Check Cisco Systems's stored facts: is Narwhal Inc. listed as a value value?,syn-03785-af53b2488d80,3785,boolean,a,Was the value Narwhal Inc. ever a documented fact about Cisco Systems?
boolean-028,Is there a value entry in the records for Amoco that names Prism Analytics?,syn-03875-f9c8d8347a7d,3875,boolean,a,Was the value Prism Analytics ever a documented fact about Amoco?
boolean-029,Does the knowledge store link Orion Ventures to Edward II of England through the value relation?,syn-03971-90796e60ad7e,3971,boolean,a,Can you confirm that Orion Ventures appeared as a value entry for Edward II of England?
boolean-030,Inspect René Descartes's records and determine whether a religion fact assigns the value Mirethism.,syn-04055-b1ba570be537,4055,boolean,a,Was the religion Mirethism ever a documented fact about René Descartes?
boolean-031,"For Xcode, does the database contain a value record with value Apple Inc?",syn-04148-82a7f0112ece,4148,boolean,a,"In the knowledge base, does Xcode have any association with Apple Inc as a value?"
boolean-032,Check Australia's stored facts: is the continent of Oceania listed as a location value?,syn-04184-a4359bec961f,4184,boolean,a,Was the continent of Oceania ever registered as a valid location for Australia at any point?
boolean-033,Is there a creator entry in the records for The Dark Knight that names Nexus Global?,syn-04349-11b9b4505e48,4349,boolean,a,Is it verifiable that Nexus Global was the creator for The Dark Knight at any time?
boolean-034,Does the knowledge store link Ostmark to The Caine Mutiny through the country relation?,syn-04373-3bb016fc6f64,4373,boolean,a,Has Ostmark been attributed as the country for The Caine Mutiny in any record?
boolean-035,Inspect Bernard Quatermass's records and determine whether a creator fact assigns the value Quasar Labs.,syn-04655-df03cb5264b5,4655,boolean,a,Was the creator Quasar Labs ever a documented fact about Bernard Quatermass?
boolean-036,"For San Pietro in Montorio, does the database contain a religion record with value Methodism?",syn-04796-74a3f72a7417,4796,boolean,a,"At any juncture in the records, was Methodism the documented religion for San Pietro in Montorio?"
boolean-037,Check Wuthering Heights's stored facts: is Axiom Ltd listed as a value value?,syn-04997-982494eb7e6f,4997,boolean,a,Was Axiom Ltd at any point logged as the value for Wuthering Heights?
boolean-038,Is there a value entry in the records for James E. Ferguson that names Canada?,syn-05354-e957ec192a9f,5354,boolean,a,Was Canada ever registered as a valid value for James E. Ferguson at any point?
boolean-039,Does the knowledge store link Narwhal Inc. to Alexander Graham Bell through the value relation?,syn-05531-5300834913f1,5531,boolean,a,Can you confirm that Narwhal Inc. appeared as a value entry for Alexander Graham Bell?
boolean-040,Inspect Will Self's records and determine whether a value fact assigns the value Spectra Holdings.,syn-06251-cd2f29b14ced,6251,boolean,a,Can you confirm that Spectra Holdings appeared as a value entry for Will Self?
boolean-041,"For Augustin Bea, does the database contain a religion record with value Church of Scotland?",syn-06488-933e6fbde678,6488,boolean,a,"In the knowledge base, does Augustin Bea have any association with Church of Scotland as a religion?"
boolean-042,Check John Witherspoon's stored facts: is Islam listed as a religion value?,syn-06500-0322a91d9506,6500,boolean,a,Does the evidence support that Islam served as the religion for John Witherspoon?
boolean-043,Is there a value entry in the records for Wellington Phoenix FC that names the sport of association football?,syn-06608-82909dea36bb,6608,boolean,a,"In the knowledge base, does Wellington Phoenix FC have any association with the sport of association football as a value?"
boolean-044,Does the knowledge store link David Simon to Our Gang through the creator relation?,syn-06902-fd6a7627f533,6902,boolean,a,Is it accurate that Our Gang was at some point recorded under the creator of David Simon?
boolean-045,Inspect René Angélil's records and determine whether a value fact assigns the value United States of America.,syn-06962-65f8e3a80265,6962,boolean,a,Is it accurate that René Angélil was at some point recorded under the value of United States of America?
boolean-046,"For Thomas Arne, does the database contain a value record with value Prism Analytics?",syn-07583-ea0aa0bb8da0,7583,boolean,a,Has Prism Analytics been attributed as the value for Thomas Arne in any record?
boolean-047,Check The Alamo's stored facts: is Austria listed as a country value?,syn-07658-50222933776b,7658,boolean,a,"In the knowledge base, does The Alamo have any association with Austria as a country?"
boolean-048,Is there a country entry in the records for The Population Bomb that names Ostmark?,syn-07679-29c13bc988a1,7679,boolean,a,Is it verifiable that Ostmark was the country for The Population Bomb at any time?
boolean-049,Does the knowledge store link Meridian Corp to Eeyore through the creator relation?,syn-07781-d3f12dfb7493,7781,boolean,a,Can you confirm that Meridian Corp appeared as a creator entry for Eeyore?
boolean-050,Inspect Merseybeat's records and determine whether a country fact assigns the value Dunhaven.,syn-07787-1ce066db093b,7787,boolean,a,Was Dunhaven at any point logged as the country for Merseybeat?
boolean-051,"For Darren Ferguson, does the database contain a value record with value the sport of roller derby?",syn-07898-f915097238b7,7898,boolean,a,"In the knowledge base, does Darren Ferguson have any association with the sport of roller derby as a value?"
boolean-052,Check Giordano Bruno's stored facts: is Bractharism listed as a religion value?,syn-08003-bf10c87f72a4,8003,boolean,a,Has Bractharism been attributed as the religion for Giordano Bruno in any record?
boolean-053,Is there a religion entry in the records for Sultan Ahmed Mosque that names Islam?,syn-08060-0ab63e71c538,8060,boolean,a,Does the evidence support that Islam served as the religion for Sultan Ahmed Mosque?
boolean-054,Does the knowledge store link Helix Partners to Humboldt University of Berlin through the value relation?,syn-08129-84ce4f333f19,8129,boolean,a,Is it verifiable that Helix Partners was the value for Humboldt University of Berlin at any time?
boolean-055,Inspect Hercule Poirot's records and determine whether a creator fact assigns the value Agatha Christie.,syn-08138-5c68426b843f,8138,boolean,a,"In the knowledge base, does Hercule Poirot have any association with Agatha Christie as a creator?"
boolean-056,"For Robert Scoble, does the database contain a value record with value Microsoft?",syn-08186-d6496e31730c,8186,boolean,a,"At any juncture in the records, was Microsoft the documented value for Robert Scoble?"
boolean-057,Check Mahidol Adulyadej's stored facts: is the city of Bangkok listed as a value value?,syn-08222-63267832a055,8222,boolean,a,Is it accurate that Mahidol Adulyadej was at some point recorded under the value of the city of Bangkok?
boolean-058,Is there a value entry in the records for Garrincha that names Meridian Corp?,syn-08267-ea3b95fc411a,8267,boolean,a,Was Meridian Corp at any point logged as the value for Garrincha?
boolean-059,Does the knowledge store link Noctharism to Chanakya through the religion relation?,syn-08369-da92205e7aa8,8369,boolean,a,Is it verifiable that Noctharism was the religion for Chanakya at any time?
boolean-060,Inspect Clement III's records and determine whether a religion fact assigns the value Catholic Church.,syn-08570-46c0968d50d2,8570,boolean,a,Does the evidence support that Catholic Church served as the religion for Clement III?
boolean-061,"For Arthur, does the database contain a country record with value Selgrave?",syn-08795-241ffd4fb0f4,8795,boolean,a,Was the country Selgrave ever a documented fact about Arthur?
boolean-062,Check Mariano Moreno's stored facts: is Argentina listed as a value value?,syn-08798-ac926cfa8475,8798,boolean,a,"In the knowledge base, does Mariano Moreno have any association with Argentina as a value?"
boolean-063,Is there a value entry in the records for Dalí Theatre and Museum that names Sidney Webb?,syn-08864-71e5b086b583,8864,boolean,a,Was Sidney Webb ever registered as a valid value for Dalí Theatre and Museum at any point?
boolean-064,Does the knowledge store link the sport of cricket to Salman Butt through the value relation?,syn-09020-1298312fd46f,9020,boolean,a,Does the evidence support that the sport of cricket served as the value for Salman Butt?
boolean-065,Inspect Mycroft Holmes's records and determine whether a creator fact assigns the value Quasar Labs.,syn-09323-3f9c0d73614d,9323,boolean,a,Has Quasar Labs been attributed as the creator for Mycroft Holmes in any record?
boolean-066,"For Florin Mergea, does the database contain a value record with value Helix Partners?",syn-09413-7080d48e104c,9413,boolean,a,Has Helix Partners been attributed as the value for Florin Mergea in any record?
boolean-067,Check Arab Christians's stored facts: is Methodism listed as a religion value?,syn-09440-ef848d28d180,9440,boolean,a,Does the evidence support that Methodism served as the religion for Arab Christians?
boolean-068,Is there a creator entry in the records for Facebook that names Mark Zuckerberg?,syn-09530-bd882ed8cd94,9530,boolean,a,Does the evidence support that Mark Zuckerberg served as the creator for Facebook?
boolean-069,Does the knowledge store link Veldtshire to The Practice through the country relation?,syn-09659-189213c324d3,9659,boolean,a,Is it verifiable that Veldtshire was the country for The Practice at any time?
boolean-070,Inspect Paul I of Russia's records and determine whether a value fact assigns the value Russian Empire.,syn-09734-7c03e34f1dfa,9734,boolean,a,Was Russian Empire ever registered as a valid value for Paul I of Russia at any point?
boolean-071,"For The headquarters of University of Minnesota, does the database contain a location record with value Nukualofa?",syn-09899-3f14162ba310,9899,boolean,a,Is it verifiable that Nukualofa was the location for The headquarters of University of Minnesota at any time?
boolean-072,Check Simon Cameron's stored facts: is Poland listed as a value value?,syn-09908-a52135487a8a,9908,boolean,a,"In the knowledge base, does Simon Cameron have any association with Poland as a value?"
boolean-073,Is there a value entry in the records for shooting guard that names Solaris Works?,syn-09929-908b597cba70,9929,boolean,a,Is it verifiable that Solaris Works was the value for shooting guard at any time?
boolean-074,Does the knowledge store link Ozzy Osbourne to Graceland through the value relation?,syn-10046-e215928c5651,10046,boolean,a,"At any juncture in the records, was Ozzy Osbourne the documented value for Graceland?"
boolean-075,Inspect Windows XP's records and determine whether a value fact assigns the value Microsoft.,syn-10208-87fa5fff77aa,10208,boolean,a,"In the knowledge base, does Windows XP have any association with Microsoft as a value?"
boolean-076,"For Distinguished Service Order, does the database contain a value record with value Atlas Collective?",syn-10265-f3b1b813a43d,10265,boolean,a,Was the value Atlas Collective ever a documented fact about Distinguished Service Order?
boolean-077,Check Matthew Paris's stored facts: is Noctharism listed as a religion value?,syn-10271-80140a4e5761,10271,boolean,a,Can you confirm that Noctharism appeared as a religion entry for Matthew Paris?
boolean-078,Is there a value entry in the records for Jason Frasor that names the sport of baseball?,syn-10304-02b42716de66,10304,boolean,a,Was the sport of baseball ever registered as a valid value for Jason Frasor at any point?
boolean-079,Does the knowledge store link Hinduism to Padmasambhava through the religion relation?,syn-10406-5fbb284d48b0,10406,boolean,a,"At any juncture in the records, was Hinduism the documented religion for Padmasambhava?"
boolean-080,Inspect Deportivo Alavés B's records and determine whether a value fact assigns the value Quasar Labs.,syn-10409-6a3528db71ac,10409,boolean,a,Is it verifiable that Quasar Labs was the value for Deportivo Alavés B at any time?
boolean-081,"For Adolphe d'Ennery, does the database contain a value record with value Canada?",syn-10496-60775f6b8b31,10496,boolean,a,"At any juncture in the records, was Canada the documented value for Adolphe d'Ennery?"
boolean-082,Check Max Weber's stored facts: is Kyra Sedgwick listed as a value value?,syn-10688-4029884aea0b,10688,boolean,a,"In the knowledge base, does Max Weber have any association with Kyra Sedgwick as a value?"
boolean-083,Is there a value entry in the records for C.D. Nacional that names the sport of association football?,syn-11036-65732fe2cc56,11036,boolean,a,"At any juncture in the records, was the sport of association football the documented value for C.D. Nacional?"
boolean-084,Does the knowledge store link Helix Partners to Get Back through the value relation?,syn-11063-bf793cd201cf,11063,boolean,a,Has Helix Partners been attributed as the value for Get Back in any record?
boolean-085,Inspect University of Dallas's records and determine whether a religion fact assigns the value Mirethism.,syn-11087-d470d6ec76a5,11087,boolean,a,Was Mirethism at any point logged as the religion for University of Dallas?
boolean-086,"For Margaret Bourke-White, does the database contain a value record with value Nexus Global?",syn-11219-39036c58cf92,11219,boolean,a,Is it verifiable that Nexus Global was the value for Margaret Bourke-White at any time?
boolean-087,Check Harry Kendall Thaw's stored facts: is Narwhal Inc. listed as a value value?,syn-11375-917c5adf1582,11375,boolean,a,Was the value Narwhal Inc. ever a documented fact about Harry Kendall Thaw?
boolean-088,Is there a value entry in the records for William Jay Gaynor that names Turkey?,syn-11492-a29828deefff,11492,boolean,a,Is it accurate that William Jay Gaynor was at some point recorded under the value of Turkey?
boolean-089,Does the knowledge store link Australia to Lark Rise to Candleford through the country relation?,syn-11690-b09a31dc4137,11690,boolean,a,Does the evidence support that Australia served as the country for Lark Rise to Candleford?
boolean-090,Inspect Windows Communication Foundation's records and determine whether a value fact assigns the value VMware Inc.,syn-11912-2204b0185efd,11912,boolean,a,Is it accurate that Windows Communication Foundation was at some point recorded under the value of VMware Inc?
boolean-091,"For Charlie Benante, does the database contain a value record with value Apex Industries?",syn-12173-5d8bea3b488c,12173,boolean,a,Has Apex Industries been attributed as the value for Charlie Benante in any record?
boolean-092,Check George Nepia's stored facts: is Spectra Holdings listed as a value value?,syn-12179-8a88312973a3,12179,boolean,a,Is it verifiable that Spectra Holdings was the value for George Nepia at any time?
boolean-093,Is there a value entry in the records for Eric Garcetti that names United States of America?,syn-12284-c415142c662e,12284,boolean,a,Was United States of America ever registered as a valid value for Eric Garcetti at any point?
boolean-094,Does the knowledge store link Orion Ventures to William Asher through the value relation?,syn-12371-180a38e2b47b,12371,boolean,a,Can you confirm that Orion Ventures appeared as a value entry for William Asher?
boolean-095,Inspect Charles VII's records and determine whether a religion fact assigns the value Catholic Church.,syn-12374-3fe44f48a889,12374,boolean,a,Was Catholic Church ever registered as a valid religion for Charles VII at any point?
boolean-096,"For Victoria Beckham, does the database contain a value record with value Nexus Global?",syn-12557-2467d7cd2df4,12557,boolean,a,Was Nexus Global at any point logged as the value for Victoria Beckham?
boolean-097,Check Azul Claro Numazu's stored facts: is Cipher Holdings listed as a value value?,syn-12593-55da5f32789f,12593,boolean,a,Has Cipher Holdings been attributed as the value for Azul Claro Numazu in any record?
boolean-098,Is there a religion entry in the records for Saint Vincent College that names Mirethism?,syn-12911-017c1039ab3f,12911,boolean,a,Can you confirm that Mirethism appeared as a religion entry for Saint Vincent College?
boolean-099,Does the knowledge store link Hyperion Corp to Finder through the value relation?,syn-13079-268093cd280e,13079,boolean,a,Is it verifiable that Hyperion Corp was the value for Finder at any time?
boolean-100,Inspect Amanda Mealing's records and determine whether a value fact assigns the value Solaris Works.,syn-13103-ab78f6f26bca,13103,boolean,a,Has Solaris Works been attributed as the value for Amanda Mealing in any record?
